{"cameraMode":{"drawMode":0,"name":"Shaded","section":"Shading Mode"},"sceneLighting":false,"audioPlay":false,"sceneViewState":{"m_AlwaysRefresh":true,"showFog":true,"showSkybox":true,"showFlares":true,"showImageEffects":true,"showParticleSystems":true,"showVisualEffectGraphs":true,"m_FxEnabled":true},"in2DMode":false,"pivot":{"x":1.3224000930786133,"y":0.5821568965911865,"z":-22.31399917602539},"rotation":{"x":0.28996697068214419,"y":-0.4896166920661926,"z":0.17678478360176087,"w":0.8030838370323181},"size":7.831000328063965,"orthographic":true}