{"cameraMode":{"drawMode":0,"name":"Shaded","section":"Shading Mode"},"sceneLighting":false,"audioPlay":false,"sceneViewState":{"showFog":true,"showMaterialUpdate":true,"showSkybox":false,"showFlares":true,"showImageEffects":true,"showParticleSystems":true},"in2DMode":false,"pivot":{"x":6.355234146118164,"y":-78.11949920654297,"z":74.05691528320313},"rotation":{"x":-0.6234849691390991,"y":-0.03472703695297241,"z":0.027879072353243829,"w":-0.7808482050895691},"size":61.80592346191406,"orthographic":false}