{"cameraMode":{"drawMode":0,"name":"Shaded","section":"Shading Mode"},"sceneLighting":false,"audioPlay":false,"sceneViewState":{"showFog":true,"showMaterialUpdate":true,"showSkybox":false,"showFlares":true,"showImageEffects":true,"showParticleSystems":true},"in2DMode":false,"pivot":{"x":3.7757484912872316,"y":10.587024688720704,"z":117.24346923828125},"rotation":{"x":0.5137667059898377,"y":-0.047399573028087619,"z":0.028018012642860414,"w":0.8564454913139343},"size":32.9985466003418,"orthographic":false}