{"cameraMode":{"drawMode":0,"name":"Shaded","section":"Shading Mode"},"sceneLighting":false,"audioPlay":false,"sceneViewState":{"showFog":true,"showMaterialUpdate":true,"showSkybox":false,"showFlares":true,"showImageEffects":true,"showParticleSystems":true},"in2DMode":false,"pivot":{"x":-5.748380661010742,"y":-160.49050903320313,"z":133.9782257080078},"rotation":{"x":0.5364146828651428,"y":-0.054144177585840228,"z":0.03421984240412712,"w":0.8418213129043579},"size":138.832763671875,"orthographic":false}