{"cameraMode":{"drawMode":0,"name":"Shaded","section":"Shading Mode"},"sceneLighting":false,"audioPlay":false,"sceneViewState":{"showFog":true,"showMaterialUpdate":true,"showSkybox":false,"showFlares":true,"showImageEffects":true,"showParticleSystems":true},"in2DMode":false,"pivot":{"x":-0.22184348106384278,"y":1.3520796298980713,"z":-19.421123504638673},"rotation":{"x":-0.16978377103805543,"y":0.08895594626665116,"z":-0.01568591222167015,"w":-0.9815049171447754},"size":2.746410369873047,"orthographic":false}