{"cameraMode":{"drawMode":0,"name":"Shaded","section":"Shading Mode"},"sceneLighting":false,"audioPlay":false,"sceneViewState":{"showFog":true,"showMaterialUpdate":true,"showSkybox":true,"showFlares":true,"showImageEffects":true,"showParticleSystems":true},"in2DMode":false,"pivot":{"x":2.252530097961426,"y":-202.22525024414063,"z":135.29299926757813},"rotation":{"x":-0.5834450721740723,"y":0.002871550153940916,"z":-0.0019321575528010727,"w":-0.8124092817306519},"size":124.652587890625,"orthographic":false}