{"cameraMode":{"drawMode":0,"name":"Shaded","section":"Shading Mode"},"sceneLighting":false,"audioPlay":false,"sceneViewState":{"showFog":true,"showMaterialUpdate":true,"showSkybox":false,"showFlares":true,"showImageEffects":true,"showParticleSystems":true},"in2DMode":false,"pivot":{"x":0.20662906765937806,"y":1.755492925643921,"z":-22.058149337768556},"rotation":{"x":-0.5483253598213196,"y":0.034029778093099597,"z":-0.022747984156012536,"w":-0.8354629278182983},"size":1.01678466796875,"orthographic":false}