{"cameraMode":{"drawMode":0,"name":"Shaded","section":"Shading Mode"},"sceneLighting":false,"audioPlay":false,"sceneViewState":{"showFog":true,"showMaterialUpdate":true,"showSkybox":true,"showFlares":true,"showImageEffects":true,"showParticleSystems":true},"in2DMode":false,"pivot":{"x":10.247047424316407,"y":584.2117309570313,"z":671.2210083007813},"rotation":{"x":-0.19848628342151643,"y":0.01652100495994091,"z":-0.003754631383344531,"w":-0.9801303744316101},"size":1431.990234375,"orthographic":false}