{"cameraMode":{"drawMode":0,"name":"Shaded","section":"Shading Mode"},"sceneLighting":false,"audioPlay":false,"sceneViewState":{"showFog":false,"showMaterialUpdate":false,"showSkybox":false,"showFlares":false,"showImageEffects":false,"showParticleSystems":false},"in2DMode":false,"pivot":{"x":-0.535001277923584,"y":-2.572122573852539,"z":28.134273529052736},"rotation":{"x":-0.5273136496543884,"y":-0.0010097172344103456,"z":0.0003721527464222163,"w":-0.8499014973640442},"size":8.873408317565918,"orthographic":false}