{"cameraMode":{"drawMode":0,"name":"Shaded","section":"Shading Mode"},"sceneLighting":false,"audioPlay":false,"sceneViewState":{"showFog":false,"showMaterialUpdate":false,"showSkybox":false,"showFlares":false,"showImageEffects":false,"showParticleSystems":false},"in2DMode":false,"pivot":{"x":-1.5399999618530274,"y":-0.7599999904632568,"z":-6.870000839233398},"rotation":{"x":-0.4038996398448944,"y":0.022394509986042978,"z":-0.009831925854086876,"w":-0.9147038459777832},"size":0.25980764627456667,"orthographic":false}