{"cameraMode":{"drawMode":0,"name":"Shaded","section":"Shading Mode"},"sceneLighting":false,"audioPlay":false,"sceneViewState":{"showFog":true,"showMaterialUpdate":false,"showSkybox":false,"showFlares":true,"showImageEffects":true,"showParticleSystems":true},"in2DMode":false,"pivot":{"x":46.15184020996094,"y":197.6512908935547,"z":495.0205383300781},"rotation":{"x":0.3234713673591614,"y":-0.6556283235549927,"z":0.36958804726600649,"w":0.5738106966018677},"size":84.87745666503906,"orthographic":false}