{"cameraMode":{"drawMode":0,"name":"Shaded","section":"Shading Mode"},"sceneLighting":false,"audioPlay":false,"sceneViewState":{"showFog":false,"showMaterialUpdate":false,"showSkybox":false,"showFlares":false,"showImageEffects":false,"showParticleSystems":false},"in2DMode":false,"pivot":{"x":-0.2551233768463135,"y":-6.829978942871094,"z":23.7594051361084},"rotation":{"x":-0.5476582646369934,"y":0.17299722135066987,"z":-0.1171576976776123,"w":-0.8104358911514282},"size":8.873408317565918,"orthographic":false}