{"cameraMode":{"drawMode":0,"name":"Shaded","section":"Shading Mode"},"sceneLighting":false,"audioPlay":false,"sceneViewState":{"showFog":true,"showMaterialUpdate":true,"showSkybox":false,"showFlares":true,"showImageEffects":true,"showParticleSystems":true},"in2DMode":false,"pivot":{"x":-1.5399999618530274,"y":-0.7599999904632568,"z":-6.870000839233398},"rotation":{"x":0.31272637844085696,"y":-0.04387270286679268,"z":0.01405878085643053,"w":0.9489830136299133},"size":0.24494893848896027,"orthographic":false}