{"cameraMode":{"drawMode":0,"name":"Shaded","section":"Shading Mode"},"sceneLighting":false,"audioPlay":false,"sceneViewState":{"showFog":true,"showMaterialUpdate":false,"showSkybox":false,"showFlares":true,"showImageEffects":true,"showParticleSystems":true},"in2DMode":false,"pivot":{"x":-10.30190658569336,"y":-26.634632110595704,"z":43.71812438964844},"rotation":{"x":-0.35525208711624148,"y":0.08706193417310715,"z":-0.03358893468976021,"w":-0.9302805066108704},"size":41.44087219238281,"orthographic":false}