{"cameraMode":{"drawMode":0,"name":"Shaded","section":"Shading Mode"},"sceneLighting":false,"audioPlay":false,"sceneViewState":{"showFog":false,"showMaterialUpdate":false,"showSkybox":false,"showFlares":false,"showImageEffects":false,"showParticleSystems":false},"in2DMode":false,"pivot":{"x":1.4048304557800294,"y":-35.54676818847656,"z":3.132749080657959},"rotation":{"x":-0.7218464612960815,"y":0.10030330717563629,"z":-0.10737255960702896,"w":-0.6765491962432861},"size":48.59513473510742,"orthographic":false}