{"cameraMode":{"drawMode":0,"name":"Shaded","section":"Shading Mode"},"sceneLighting":false,"audioPlay":false,"sceneViewState":{"showFog":false,"showMaterialUpdate":false,"showSkybox":false,"showFlares":false,"showImageEffects":false,"showParticleSystems":false},"in2DMode":false,"pivot":{"x":-6.014913558959961,"y":-51.79773712158203,"z":163.35687255859376},"rotation":{"x":-0.43701571226119997,"y":0.11580849438905716,"z":-0.057074569165706637,"w":-0.8903530836105347},"size":44.024559020996097,"orthographic":false}