{"cameraMode":{"drawMode":0,"name":"Shaded","section":"Shading Mode"},"sceneLighting":false,"audioPlay":false,"sceneViewState":{"showFog":false,"showMaterialUpdate":false,"showSkybox":false,"showFlares":false,"showImageEffects":false,"showParticleSystems":false},"in2DMode":false,"pivot":{"x":0.20662906765937806,"y":1.755492925643921,"z":-22.058149337768556},"rotation":{"x":-0.4961889982223511,"y":0.09112048149108887,"z":-0.052706267684698108,"w":-0.8620256185531616},"size":1.3167846202850342,"orthographic":false}