{"cameraMode":{"drawMode":0,"name":"Shaded","section":"Shading Mode"},"sceneLighting":false,"audioPlay":false,"sceneViewState":{"showFog":true,"showMaterialUpdate":true,"showSkybox":true,"showFlares":true,"showImageEffects":true,"showParticleSystems":true},"in2DMode":false,"pivot":{"x":3.443096399307251,"y":13.845468521118164,"z":89.88874816894531},"rotation":{"x":0.6256009340286255,"y":-0.10195131599903107,"z":0.08303359895944596,"w":0.7692039012908936},"size":33.25873565673828,"orthographic":false}