{"cameraMode":{"drawMode":0,"name":"Shaded","section":"Shading Mode"},"sceneLighting":false,"audioPlay":false,"sceneViewState":{"showFog":false,"showMaterialUpdate":false,"showSkybox":false,"showFlares":false,"showImageEffects":false,"showParticleSystems":false},"in2DMode":false,"pivot":{"x":-1.4615721702575684,"y":-0.577251136302948,"z":-6.652767181396484},"rotation":{"x":-0.1731867641210556,"y":-0.05719751864671707,"z":0.009845688939094544,"w":-0.9833700060844421},"size":0.844948947429657,"orthographic":false}