{"cameraMode":{"drawMode":0,"name":"Shaded","section":"Shading Mode"},"sceneLighting":false,"audioPlay":false,"sceneViewState":{"showFog":true,"showMaterialUpdate":true,"showSkybox":false,"showFlares":true,"showImageEffects":true,"showParticleSystems":true},"in2DMode":false,"pivot":{"x":-7.436745643615723,"y":-88.36758422851563,"z":109.7332763671875},"rotation":{"x":0.535983145236969,"y":-0.14273962378501893,"z":0.09195291996002197,"w":0.827280580997467},"size":65.5304946899414,"orthographic":false}