{"cameraMode":{"drawMode":0,"name":"Shaded","section":"Shading Mode"},"sceneLighting":false,"audioPlay":false,"sceneViewState":{"showFog":false,"showMaterialUpdate":false,"showSkybox":false,"showFlares":false,"showImageEffects":false,"showParticleSystems":false},"in2DMode":false,"pivot":{"x":3.4892547130584719,"y":-37.012542724609378,"z":108.51778411865235},"rotation":{"x":-0.47672125697135928,"y":-0.00103651056997478,"z":0.0002981027355417609,"w":-0.8792791366577148},"size":53.897926330566409,"orthographic":false}