{"cameraMode":{"drawMode":0,"name":"Shaded","section":"Shading Mode"},"sceneLighting":false,"audioPlay":false,"sceneViewState":{"showFog":true,"showMaterialUpdate":true,"showSkybox":false,"showFlares":true,"showImageEffects":true,"showParticleSystems":true},"in2DMode":false,"pivot":{"x":-0.25045108795166018,"y":-5.256704330444336,"z":29.796310424804689},"rotation":{"x":0.5233185291290283,"y":-0.20858383178710938,"z":0.13328970968723298,"w":0.815689742565155},"size":7.17125940322876,"orthographic":false}