{"cameraMode":{"drawMode":0,"name":"Shaded","section":"Shading Mode"},"sceneLighting":false,"audioPlay":false,"sceneViewState":{"showFog":false,"showMaterialUpdate":false,"showSkybox":false,"showFlares":false,"showImageEffects":false,"showParticleSystems":false},"in2DMode":false,"pivot":{"x":-2.5590429306030275,"y":-85.64523315429688,"z":5.767522811889648},"rotation":{"x":-0.6716117262840271,"y":0.026865439489483835,"z":-0.02462470345199108,"w":-0.7402706146240234},"size":53.737396240234378,"orthographic":false}